
{
	"pools": [
		{
			"rolls":
			{
				"min": 1,
				"max": 2
			},
			"entries": [
				{
					"type": "item",
					"name": "minecraft:coal",
					"weight": 10,
					"functions": [
						{
							"function": "set_count",
							"count":
							{
								"min": 10,
								"max": 15
							}
						}
					]
				},
				{
					"type": "item",
					"name": "minecraft:iron_ingot",
					"weight": 10,
					"functions": [
						{
							"function": "set_count",
							"count":
							{
								"min": 2,
								"max": 6
							}
						}
					]
				},
				{
					"type": "item",
					"name": "minecraft:gold_ingot",
					"weight": 5,
					"functions": [
						{
							"function": "set_count",
							"count":
							{
								"min": 1,
								"max": 3
							}
						}
					]
				},
				{
					"type": "item",
					"name": "minecraft:redstone",
					"functions": [
						{
							"function": "set_count",
							"count":
							{
								"min": 4,
								"max": 9
							}
						}
					],
					"weight": 5
				},
				{
					"type": "item",
					"name": "minecraft:diamond",
					"functions": [
						{
							"function": "set_count",
							"count":
							{
								"min": 1,
								"max": 2
							}
						}
					],
					"weight": 3
				},
				{
					"type": "item",
					"name": "minecraft:emerald",
					"functions": [
						{
							"function": "set_count",
							"count":
							{
								"min": 1,
								"max": 3
							}
						}
					],
					"weight": 3
				},
				{
					"type": "item",
					"name": "minecraft:lapis_lazuli",
					"weight": 5,
					"functions": [
						{
							"function": "set_count",
							"count":
							{
								"min": 4,
								"max": 8
							}
						}
					]
				}
			]
		},
		{
			"rolls": 2,
			"entries": [
				{
					"type": "item",
					"name": "minecraft:saddle",
					"weight": 4
				},
				{
					"type": "item",
					"name": "minecraft:name_tag",
					"weight": 5
				},
				{
					"type": "item",
					"name": "minecraft:melon_slice",
					"weight": 5,
					"functions": [
						{
							"function": "set_count",
							"count":
							{
								"min": 2,
								"max": 6
							}
						}
					]
				},
				{
					"type": "item",
					"name": "minecraft:apple",
					"weight": 2,
					"functions": [
						{
							"function": "set_count",
							"count":
							{
								"min": 2,
								"max": 4
							}
						}
					]
				},
				{
					"type": "item",
					"name": "minecraft:cooked_beef",
					"weight": 4,
					"functions": [
						{
							"function": "set_count",
							"count":
							{
								"min": 2,
								"max": 4
							}
						}
					]
				},
				{
					"type": "item",
					"name": "minecraft:golden_apple",
					"weight": 2
				},
				{
					"type": "item",
					"name": "minecraft:iron_horse_armor",
					"weight": 5
				},
				{
					"type": "item",
					"name": "minecraft:golden_horse_armor",
					"weight": 3
				},
				{
					"type": "item",
					"name": "minecraft:diamond_horse_armor",
					"weight": 1,
					"quality": 5
				}
			]
		},
		{
			"rolls": 1,
			"entries": [

				{
					"type": "item",
					"name": "minecraft:player_head",
					"weight": 2,
					"functions": [
						{
							"function": "set_nbt",
							"tag": "{SkullOwner:{Id:\"d46798ef-edd2-4b75-95fc-c1760972a079\",Properties:{textures:[{Value:\"eyJ0ZXh0dXJlcyI6eyJTS0lOIjp7InVybCI6Imh0dHA6Ly90ZXh0dXJlcy5taW5lY3JhZnQubmV0L3RleHR1cmUvNjNiMDk4OTY3MzQwZGFhYzUyOTI5M2MyNGUwNDkxMDUwOWIyMDhlN2I5NDU2M2MzZWYzMWRlYzdiMzc1MCJ9fX0=\"}]}}}"
						},
						{
							"function": "set_name",
							"name":
							{
								"text": "Alex Head",
								"italic": false
							}
						}
					]
				},
				{
					"type": "item",
					"name": "minecraft:book",
					"weight": 2,
					"functions": [
						{
							"function": "enchant_randomly",
							"enchantments": [
								"fortune"
							]
						},
						{
							"function": "enchant_randomly",
							"enchantments": [
								"efficiency",
								"unbreaking"
							]
						}
					]
				},
				{
					"type": "item",
					"name": "minecraft:iron_pickaxe",
					"weight": 5,
					"functions": [
						{
							"function": "enchant_randomly",
							"enchantments": [
								"efficiency"
							]
						},
						{
							"function": "set_damage",
							"damage":
							{
								"min": 0.80,
								"max": 1
							}
						}
					]
				},
				{
					"type": "item",
					"name": "minecraft:golden_pickaxe",
					"weight": 2,
					"functions": [
						{
							"function": "enchant_randomly",
							"enchantments": [
								"efficiency"
							]
						},
						{
							"function": "enchant_randomly",
							"enchantments": [
								"unbreaking"
							]
						},
						{
							"function": "set_damage",
							"damage":
							{
								"min": 0.75,
								"max": 1
							}
						}
					]
				},
				{
					"type": "item",
					"name": "minecraft:diamond_pickaxe",
					"weight": 2,
					"functions": [
						{
							"function": "set_damage",
							"damage":
							{
								"min": 0.15,
								"max": 0.45
							}
						},
						{
							"function": "enchant_with_levels",
							"treasure": true,
							"levels":
							{
								"min": 1,
								"max": 5
							}
						}
					]
				}
			]
		},
		{
			"rolls": 2,
			"entries": [
				{
					"type": "item",
					"name": "minecraft:rail",
					"functions": [
						{
							"function": "set_count",
							"count":
							{
								"min": 4,
								"max": 8
							}
						}
					],
					"weight": 15
				},
				{
					"type": "item",
					"name": "minecraft:powered_rail",
					"functions": [
						{
							"function": "set_count",
							"count":
							{
								"min": 2,
								"max": 4
							}
						}
					],
					"weight": 5
				},
				{
					"type": "item",
					"name": "minecraft:detector_rail",
					"functions": [
						{
							"function": "set_count",
							"count":
							{
								"min": 2,
								"max": 4
							}
						}
					],
					"weight": 5
				},
				{
					"type": "item",
					"name": "minecraft:activator_rail",
					"functions": [
						{
							"function": "set_count",
							"count":
							{
								"min": 2,
								"max": 4
							}
						}
					],
					"weight": 5
				},
				{
					"type": "item",
					"name": "minecraft:torch",
					"functions": [
						{
							"function": "set_count",
							"count":
							{
								"min": 8,
								"max": 16
							}
						}
					],
					"weight": 15
				},
				{
					"type": "item",
					"name": "minecraft:oak_planks",
					"functions": [
						{
							"function": "set_count",
							"count":
							{
								"min": 8,
								"max": 16
							}
						}
					],
					"weight": 10
				},
				{
					"type": "item",
					"name": "minecraft:oak_fence",
					"functions": [
						{
							"function": "set_count",
							"count":
							{
								"min": 6,
								"max": 12
							}
						}
					],
					"weight": 10
				}
			]
		},
		{
			"rolls": 1,
			"conditions": [
				{
					"condition": "random_chance",
					"chance": 0.1
				}
			],
			"entries": [
				{
					"type": "item",
					"name": "minecraft:golden_pickaxe",
					"weight": 1,
					"functions": [
						{
							"function": "set_nbt",
							"tag": "{HideFlags:1,display:{Lore:[\"§7Efficency X\",\"§7Unbreaking L (50)\"]},Enchantments:[{id:\"minecraft:efficiency\",lvl:10},{id:\"minecraft:unbreaking\",lvl:50}]}"
						},
						{
							"function": "set_name",
							"name":
							{
								"text": "Advanced Golden Pickaxe",
								"color": "gold",
								"bold": true,
								"italic": false
							}
						}
					]
				}
			]
		}
	]
}
