
{
	"pools": [
		{
			"rolls": 1,
			"entries": [
				{
					"type": "item",
					"name": "minecraft:heart_of_the_sea"
				}
			]
		},
		{
			"rolls":
			{
				"min": 5,
				"max": 8
			},
			"entries": [
				{
					"type": "item",
					"name": "minecraft:iron_ingot",
					"weight": 20,
					"functions": [
						{
							"function": "minecraft:set_count",
							"count":
							{
								"min": 1,
								"max": 4
							}
						}
					]
				},
				{
					"type": "item",
					"name": "minecraft:gold_ingot",
					"weight": 10,
					"functions": [
						{
							"function": "minecraft:set_count",
							"count":
							{
								"min": 1,
								"max": 4
							}
						}
					]
				},
				{
					"type": "item",
					"name": "minecraft:tnt",
					"weight": 5,
					"functions": [
						{
							"function": "set_count",
							"count":
							{
								"min": 1,
								"max": 2
							}
						}
					]
				}
			]
		},
		{
			"rolls":
			{
				"min": 1,
				"max": 3
			},
			"entries": [
				{
					"type": "item",
					"name": "minecraft:emerald",
					"weight": 5,
					"functions": [
						{
							"function": "minecraft:set_count",
							"count":
							{
								"min": 4,
								"max": 8
							}
						}
					]
				},
				{
					"type": "item",
					"name": "minecraft:diamond",
					"weight": 5,
					"functions": [
						{
							"function": "minecraft:set_count",
							"count":
							{
								"min": 1,
								"max": 2
							}
						}
					]
				},
				{
					"type": "item",
					"name": "minecraft:prismarine_crystals",
					"weight": 5,
					"functions": [
						{
							"function": "set_count",
							"count":
							{
								"min": 1,
								"max": 5
							}
						}
					]
				}
			]
		},
		{
			"rolls":
			{
				"min": 0,
				"max": 1
			},
			"entries": [
				{
					"type": "item",
					"name": "minecraft:leather_chestplate",
					"weight": 1
				},
				{
					"type": "item",
					"name": "minecraft:iron_sword",
					"weight": 1
				}
			]
		},
		{
			"rolls": 2,
			"entries": [
				{
					"type": "item",
					"name": "minecraft:cooked_cod",
					"weight": 1,
					"functions": [
						{
							"function": "minecraft:set_count",
							"count":
							{
								"min": 2,
								"max": 4
							}
						}
					]
				},
				{
					"type": "item",
					"name": "minecraft:cooked_salmon",
					"weight": 1,
					"functions": [
						{
							"function": "minecraft:set_count",
							"count":
							{
								"min": 2,
								"max": 4
							}
						}
					]
				}
			]
		},
		{
            "rolls": 1,
			"conditions":[
				 {
					"condition": "random_chance",
					"chance": 0.5
				 }
			],
            "entries": [
                {
                    "type": "item",
                    "name": "minecraft:player_head",
                    "weight": 1,
                    "functions": [
						{
                            "function": "set_nbt",
                            "tag": "{SkullOwner:{Id:\"67660f38-cad9-4075-bf8e-7ff242373e53\",Properties:{textures:[{Value:\"eyJ0ZXh0dXJlcyI6eyJTS0lOIjp7InVybCI6Imh0dHA6Ly90ZXh0dXJlcy5taW5lY3JhZnQubmV0L3RleHR1cmUvOTg2MjViYzk5NzEyNTZhYjNiMWRlNWU3YjMzMzhkNWRlYzI2ODNiZmVmMDMxMDc5MzQ5NWQyN2FhMzhhYTQwOCJ9fX0=\"}]}}}"
                        },
						{
							"function": "set_name",
							"name": 
							{
								"text": "Mini Creeper Plush",
								"italic": false
							}
						}
                    ]
                }
            ]
        },
		{
            "rolls": 1,
			"conditions":[
				 {
					"condition": "random_chance",
					"chance": 0.5
				 }
			],
            "entries": [
                {
                    "type": "item",
                    "name": "minecraft:trident",
                    "weight": 2,
					"functions": [
						{
							"function": "set_damage",
							"damage": {
								"min": 0.5,
								"max": 1.0
							}
						},
						{
							"function": "enchant_with_levels",
							"levels": {
								"min": 1,
								"max": 15
							}
						}
					]
                },
                {
                    "type": "item",
                    "name": "minecraft:trident",
                    "weight": 3,
					"functions": [
						{
							"function": "set_damage",
							"damage": {
								"min": 0.8,
								"max": 1.0
							}
						}
					]
                },
                {
                    "type": "item",
                    "name": "minecraft:trident",
                    "weight": 1,
					"functions": [
						{
							"function": "set_damage",
							"damage": {
								"min": 0.25,
								"max": 0.75
							}
						},
						{
							"function": "enchant_with_levels",
							"levels": {
								"min": 15,
								"max": 30
							}
						}
					]
                }
            ]
        }
	]
}
