{
    "pools": [
        {
            "rolls": {
                "min": 2,
                "max": 4
            },
            "entries": [
                {
                    "type": "item",
                    "name": "minecraft:experience_bottle",
                    "weight": 5,
                    "functions": [
                        {
                            "function": "set_count",
                            "count": {
                                "min": 1,
                                "max": 3
                            }
                        }
                    ]
                },
                {
                    "type": "item",
                    "name": "minecraft:iron_ingot",
                    "weight": 15,
                    "functions": [
                        {
                            "function": "set_count",
                            "count": {
                                "min": 2,
                                "max": 7
                            }
                        }
                    ]
                },
                {
                    "type": "item",
                    "name": "minecraft:gold_ingot",
                    "weight": 15,
                    "functions": [
                        {
                            "function": "set_count",
                            "count": {
                                "min": 2,
                                "max": 6
                            }
                        }
                    ]
                },
                {
                    "type": "item",
                    "name": "minecraft:diamond",
                    "weight": 5,
                    "functions": [
                        {
                            "function": "set_count",
                            "count": {
                                "min": 1,
                                "max": 3
                            }
                        }
                    ]
                },
                {
                    "type": "item",
                    "name": "minecraft:emerald",
                    "weight": 5,
                    "functions": [
                        {
                            "function": "set_count",
                            "count": {
                                "min": 1,
                                "max": 3
                            }
                        }
                    ]
                },
                {
                    "type": "item",
                    "name": "minecraft:saddle",
                    "weight": 5
                },
                {
                    "type": "item",
                    "name": "minecraft:name_tag",
                    "weight": 5
                },
                {
                    "type": "item",
                    "name": "minecraft:leather",
                    "weight": 5,
                    "functions": [
                        {
                            "function": "set_count",
                            "count": {
                                "min": 2,
                                "max": 6
                            }
                        }
                    ]
                },
                {
                    "type": "item",
                    "name": "minecraft:enchanted_golden_apple",
                    "weight": 1
                },
                {
                    "type": "item",
                    "name": "minecraft:golden_apple",
                    "weight": 2
                },
                {
                    "type": "item",
                    "name": "minecraft:iron_horse_armor",
                    "weight": 5
                },
                {
                    "type": "item",
                    "name": "minecraft:golden_horse_armor",
                    "weight": 4
                },
                {
                    "type": "item",
                    "name": "minecraft:diamond_horse_armor",
                    "weight": 2
                },
                {
                    "type": "item",
                    "name": "minecraft:book",
                    "weight": 10,
                    "functions": [
                        {
                            "function": "enchant_with_levels",
                            "treasure": true,
                            "levels": {
                                "min": 1,
                                "max": 30
                            }
                        }
                    ]
                }
			]
		},
		{
			"rolls": 2,
			"entries": [
                {
                    "type": "item",
                    "name": "minecraft:bone",
                    "functions": [
                        {
                            "function": "set_count",
                            "count": {
                                "min": 4,
                                "max": 6
                            }
                        }
                    ],
                    "weight": 1
                },
                {
                    "type": "item",
                    "name": "minecraft:spider_eye",
                    "functions": [
                        {
                            "function": "set_count",
                            "count": {
                                "min": 1,
                                "max": 3
                            }
                        }
                    ],
                    "weight": 1
                },
                {
                    "type": "item",
                    "name": "minecraft:rotten_flesh",
                    "functions": [
                        {
                            "function": "set_count",
                            "count": {
                                "min": 3,
                                "max": 7
                            }
                        }
                    ],
                    "weight": 1
                },
                {
                    "type": "item",
                    "name": "minecraft:gunpowder",
                    "weight": 1,
                    "functions": [
                        {
                            "function": "set_count",
                            "count": {
                                "min": 4,
                                "max": 6
                            }
                        }
                    ]
                }
            ]
        },
        {
            "rolls": 2,
            "entries": [
                {
                    "type": "item",
                    "name": "minecraft:sand",
                    "weight": 2,
                    "functions": [
                        {
                            "function": "set_count",
                            "count": {
                                "min": 4,
                                "max": 8
                            }
                        }
                    ]
                },
				{
                    "type": "item",
                    "name": "minecraft:cactus",
                    "weight": 2,
                    "functions": [
                        {
                            "function": "set_count",
                            "count": {
                                "min": 2,
                                "max": 6
                            }
                        }
                    ]
                },
				{
                    "type": "item",
                    "name": "minecraft:dead_bush",
                    "weight": 1,
                    "functions": [
                        {
                            "function": "set_count",
                            "count": {
                                "min": 2,
                                "max": 4
                            }
                        }
                    ]
                }
            ]
        },
		{
			"rolls": 1,
			"conditions":[
				{
					"condition": "random_chance",
					"chance": 0.3
				}
			],
			"entries":[
				{
                    "type": "item",
                    "name": "minecraft:leather_helmet",
                    "weight": 1,
                    "functions": [
                        {
                            "function": "set_nbt",
                            "tag": "{RepairCost:40,display:{color:1878784},Enchantments:[{id:\"minecraft:protection\",lvl:5},{id:\"minecraft:unbreaking\",lvl:10},{id:\"minecraft:thorns\",lvl:10}]}"
                        },
						{
							"function": "set_name",
							"name": {"text": "Cactus Helmet", "color": "dark_green", "italic": false, "bold": true}
						}
                    ]
				},
				{
                    "type": "item",
                    "name": "minecraft:leather_chestplate",
                    "weight": 1,
                    "functions": [
                        {
                            "function": "set_nbt",
                            "tag": "{RepairCost:40,display:{color:1878784},Enchantments:[{id:\"minecraft:protection\",lvl:5},{id:\"minecraft:unbreaking\",lvl:10},{id:\"minecraft:thorns\",lvl:10}]}"
                        },
						{
							"function": "set_name",
							"name": {"text": "Cactus Chestplate", "color": "dark_green", "italic": false, "bold": true}
						}
                    ]
				},
				{
                    "type": "item",
                    "name": "minecraft:leather_leggings",
                    "weight": 1,
                    "functions": [
                        {
                            "function": "set_nbt",
                            "tag": "{RepairCost:40,display:{color:1878784},Enchantments:[{id:\"minecraft:protection\",lvl:5},{id:\"minecraft:unbreaking\",lvl:10},{id:\"minecraft:thorns\",lvl:10}]}"
                        },
						{
							"function": "set_name",
							"name": {"text": "Cactus Leggings", "color": "dark_green", "italic": false, "bold": true}
						}
                    ]
				},
				{
                    "type": "item",
                    "name": "minecraft:leather_boots",
                    "weight": 1,
                    "functions": [
                        {
                            "function": "set_nbt",
                            "tag": "{RepairCost:40,display:{color:1878784},Enchantments:[{id:\"minecraft:protection\",lvl:5},{id:\"minecraft:unbreaking\",lvl:10},{id:\"minecraft:thorns\",lvl:10}]}"
                        },
						{
							"function": "set_name",
							"name": {"text": "Cactus Boots", "color": "dark_green", "italic": false, "bold": true}
						}
                    ]
				}
			]
		}
    ]
}