{
    "pools": [
        {
            "rolls": {
                "min": 2,
                "max": 7
            },
            "entries": [
                {
                    "type": "item",
                    "name": "minecraft:apple",
                    "weight": 15,
                    "functions": [
                        {
                            "function": "set_count",
                            "count": {
                                "min": 1,
                                "max": 3
                            }
                        }
                    ]
                },
                {
                    "type": "item",
                    "name": "minecraft:coal",
                    "weight": 15,
                    "functions": [
                        {
                            "function": "set_count",
                            "count": {
                                "min": 1,
                                "max": 2
                            }
                        }
                    ]
                },
                {
                    "type": "item",
                    "name": "minecraft:gold_nugget",
                    "weight": 10,
                    "functions": [
                        {
                            "function": "set_count",
                            "count": {
                                "min": 1,
                                "max": 3
                            }
                        }
                    ]
                },
                {
                    "type": "item",
                    "name": "minecraft:rotten_flesh",
                    "weight": 10,
                    "functions": [
                        {
                            "function": "set_count",
                            "count": {
                                "min": 1,
                                "max": 3
                            }
                        }
                    ]
                },
                {
                    "type": "item",
                    "name": "minecraft:emerald",
                    "weight": 2
                },
                {
                    "type": "item",
                    "name": "minecraft:wheat",
                    "weight": 10,
                    "functions": [
                        {
                            "function": "set_count",
                            "count": {
                                "min": 2,
                                "max": 3
                            }
                        }
                    ]
                },
                {
                    "type": "item",
                    "name": "minecraft:glowstone_dust",
                    "weight": 5,
                    "functions": [
                        {
                            "function": "set_count",
                            "count": {
                                "min": 3,
                                "max": 7
                            }
                        }
                    ]
                },
                {
                    "type": "item",
                    "name": "minecraft:redstone",
                    "weight": 4,
                    "functions": [
                        {
                            "function": "set_count",
                            "count": {
                                "min": 3,
                                "max": 7
                            }
                        }
                    ]
                }
            ]
        },
		{
			"rolls": 2,
			"entries": [
				{
					"type": "item",
					"name": "minecraft:snowball",
					"weight": 1,
                    "functions": [
                        {
                            "function": "set_count",
                            "count": {
								"min": 8,
								"max": 16
							}
                        }
                    ]
				}
			]
		},
        {
            "conditions": [
                {
                    "condition": "random_chance",
                    "chance": 1
                }
            ],
            "rolls": 1,
            "entries": [
                {
                    "type": "item",
                    "name": "minecraft:golden_apple",
                    "weight": 1,
                    "functions": [
                        {
                            "function": "set_count",
                            "count": 1
                        }
                    ]
                }
            ]
        },
        {
            "conditions": [
                {
                    "condition": "random_chance",
                    "chance": 0.8
                }
            ],
            "rolls": 1,
            "entries": [
                {
                    "type": "item",
                    "name": "minecraft:book",
                    "weight": 1,
                    "functions": [
                        {
                            "function": "set_count",
                            "count": 1
                        },
                        {
                            "function": "enchant_randomly",
                            "enchantments": [
                                "frost_walker"
                            ]
                        }
                    ]
                }
            ]
        }
    ]
}