{
    "pools": [
        {
            "rolls": {
                "min": 2,
                "max": 6
            },
            "entries": [
                {
                    "type": "item",
                    "name": "minecraft:ender_pearl",
                    "weight": 5
                },
                {
                    "type": "item",
                    "name": "minecraft:experience_bottle",
                    "weight": 5,
                    "functions": [
                        {
                            "function": "set_count",
                            "count": {
                                "min": 2,
                                "max": 6
                            }
                        }
                    ]
                },
                {
                    "type": "item",
                    "name": "minecraft:iron_ingot",
                    "weight": 10,
                    "functions": [
                        {
                            "function": "set_count",
                            "count": {
                                "min": 1,
                                "max": 5
                            }
                        }
                    ]
                },
                {
                    "type": "item",
                    "name": "minecraft:saddle",
                    "weight": 5
                },
                {
                    "type": "item",
                    "name": "minecraft:name_tag",
                    "weight": 5
                },
                {
                    "type": "item",
                    "name": "minecraft:gold_ingot",
                    "weight": 8,
                    "functions": [
                        {
                            "function": "set_count",
                            "count": {
                                "min": 1,
                                "max": 4
                            }
                        }
                    ]
                },
                {
                    "type": "item",
                    "name": "minecraft:diamond",
                    "weight": 3,
                    "functions": [
                        {
                            "function": "set_count",
                            "count": {
                                "min": 1,
                                "max": 2
                            }
                        }
                    ]
                },
                {
                    "type": "item",
                    "name": "minecraft:golden_apple",
                    "weight": 2
                },
                {
                    "type": "item",
                    "name": "minecraft:iron_horse_armor",
                    "weight": 5
                },
                {
                    "type": "item",
                    "name": "minecraft:golden_horse_armor",
                    "weight": 4
                },
                {
                    "type": "item",
                    "name": "minecraft:diamond_horse_armor",
                    "weight": 2
                },
                {
                    "type": "item",
                    "name": "minecraft:lapis_lazuli",
                    "weight": 5,
                    "functions": [
                        {
                            "function": "set_count",
                            "count": {
                                "min": 4,
                                "max": 8
                            }
                        }
                    ]
                },
                {
                    "type": "item",
                    "name": "minecraft:book",
                    "weight": 7,
                    "functions": [
                        {
                            "function": "enchant_with_levels",
                            "treasure": true,
                            "levels": {
                                "min": 1,
                                "max": 20
                            }
                        }
                    ]
                },
                {
                    "type": "item",
                    "name": "minecraft:book",
                    "weight": 3,
                    "functions": [
                        {
                            "function": "enchant_with_levels",
                            "treasure": true,
                            "levels": {
                                "min": 20,
                                "max": 39
                            }
                        }
                    ]
                },
                {
                    "type": "item",
                    "name": "minecraft:emerald",
                    "weight": 4,
                    "functions": [
                        {
                            "function": "set_count",
                            "count": {
                                "min": 2,
                                "max": 3
                            }
                        }
                    ]
                }
            ]
        },
		{
			"rolls": {
                "min": 1,
                "max": 2
            },
			"entries": [
                {
                    "type": "item",
                    "name": "minecraft:bone",
                    "functions": [
                        {
                            "function": "set_count",
                            "count": {
                                "min": 4,
                                "max": 6
                            }
                        }
                    ],
                    "weight": 1
                },
                {
                    "type": "item",
                    "name": "minecraft:rotten_flesh",
                    "functions": [
                        {
                            "function": "set_count",
                            "count": {
                                "min": 3,
                                "max": 7
                            }
                        }
                    ],
                    "weight": 1
                }
            ]
		},
		{
			"rolls": {
				"min": 2,
				"max": 3
			},
			"entries": [
				{
					"type": "item",
					"name": "minecraft:vine",
					"weight": 2,
					"functions": [
						{
							"function": "set_count",
							"count": {
								"min": 3,
								"max": 6
							}
						}
					]
				},
				{
					"type": "item",
					"name": "minecraft:cocoa_beans",
					"weight": 1,
					"functions": [
						{
							"function": "set_count",
							"count": {
								"min": 2,
								"max": 4
							}
						}
					]
				}
			]
		},
		{
            "rolls": 1,
			"conditions":[
				 {
					"condition": "random_chance",
					"chance": 0.80
				 }
			],
            "entries": [
                {
                    "type": "item",
                    "name": "minecraft:player_head",
                    "weight": 1,
                    "functions": [
						{
                            "function": "set_nbt",
                            "tag": "{SkullOwner:{Id:\"c3f25f72-a644-49fc-acf4-805a7c655bba\",Properties:{textures:[{Value:\"eyJ0ZXh0dXJlcyI6eyJTS0lOIjp7InVybCI6Imh0dHA6Ly90ZXh0dXJlcy5taW5lY3JhZnQubmV0L3RleHR1cmUvZWVlYmUyNmYxOGZhNTk2MGFiYmRkNjU5NTdkYTUzNjViNmY2ZjQ0ZGI2YTk5NDRmM2YxNDY2ZGU2OWEyIn19fQ==\"}]}}}"
                        },
						{
							"function": "set_name",
							"name": 
							{
								"text": "Blue Parrot Plush",
								"italic": false
							}
						}
                    ]
                },
				{
                    "type": "item",
                    "name": "minecraft:player_head",
                    "weight": 1,
                    "functions": [
						{
                            "function": "set_nbt",
                            "tag": "{SkullOwner:{Id:\"2326acb5-9f48-407b-a8e4-f29acc6d7ec4\",Properties:{textures:[{Value:\"eyJ0ZXh0dXJlcyI6eyJTS0lOIjp7InVybCI6Imh0dHA6Ly90ZXh0dXJlcy5taW5lY3JhZnQubmV0L3RleHR1cmUvOWJjNmQ4NDE2OGVjZmMzZTE4ZmI4MGYxMzRhMmIxYTczMjRlYTYxMWJkNmQyODY3MDYxZjlhMzg5NDEzMCJ9fX0=\"}]}}}"
                        },
						{
							"function": "set_name",
							"name": 
							{
								"text": "Yellow Parrot Plush",
								"italic": false
							}
						}
                    ]
                },
				{
                    "type": "item",
                    "name": "minecraft:player_head",
                    "weight": 1,
                    "functions": [
						{
                            "function": "set_nbt",
                            "tag": "{SkullOwner:{Id:\"b836bfd9-826d-4dc8-9407-a18cc9f886b6\",Properties:{textures:[{Value:\"eyJ0ZXh0dXJlcyI6eyJTS0lOIjp7InVybCI6Imh0dHA6Ly90ZXh0dXJlcy5taW5lY3JhZnQubmV0L3RleHR1cmUvNzA3ZGFiMmNiZWJlYTUzOWI2NGQ1YWQyNDZmOWNjYzFmY2RhN2FhOTRiODhlNTlmYzI4Mjk4NTJmNDYwNzEifX19\"}]}}}"
                        },
						{
							"function": "set_name",
							"name": 
							{
								"text": "Red Parrot Plush",
								"italic": false
							}
						}
                    ]
                },
				{
                    "type": "item",
                    "name": "minecraft:player_head",
                    "weight": 1,
                    "functions": [
                        {
                            "function": "set_nbt",
                            "tag": "{SkullOwner:{Id:\"664dd492-3fcd-443b-9e61-4c7ebd9e4e10\",Properties:{textures:[{Value:\"eyJ0ZXh0dXJlcyI6eyJTS0lOIjp7InVybCI6Imh0dHA6Ly90ZXh0dXJlcy5taW5lY3JhZnQubmV0L3RleHR1cmUvNTY1N2NkNWMyOTg5ZmY5NzU3MGZlYzRkZGNkYzY5MjZhNjhhMzM5MzI1MGMxYmUxZjBiMTE0YTFkYjEifX19\"}]}}}"
                        },
						{
							"function": "set_name",
							"name": 
							{
								"text": "Ocelot Head",
								"italic": false
							}
						}
                    ]
                }
            ]
        },
		{
			"rolls": 1,
			"conditions":[
				 {
					"condition": "random_chance",
					"chance": 0.4
				 }
			],
			"entries":[
				{
					"type": "item",
					"name": "minecraft:bow",
					"weight": 1,
					"functions": [
						{
							"function": "set_nbt",
							"tag": "{Enchantments:[{id:\"minecraft:infinity\",lvl:1},{id:\"minecraft:mending\",lvl:1}],RepairCost:15}"
						},
						{
							"function": "set_name",
							"name": 
							{
								"text": "Auto-repairing Infinity Bow",
								"italic": false,
								"bold": true
							}
						}
					]
				}
			]
		}
    ]
}