
{
	"pools": [
		{
			"rolls":
			{
				"min": 3,
				"max": 4
			},
			"entries": [
				{
					"type": "item",
					"name": "minecraft:gold_ingot",
					"weight": 15,
					"functions": [
						{
							"function": "set_count",
							"count":
							{
								"min": 1,
								"max": 4
							}
						}
					]
				},
				{
					"type": "item",
					"name": "minecraft:iron_ingot",
					"weight": 5,
					"functions": [
						{
							"function": "set_count",
							"count":
							{
								"min": 1,
								"max": 3
							}
						}
					]
				},
				{
					"type": "item",
					"name": "minecraft:blaze_powder",
					"weight": 7,
					"functions": [
						{
							"function": "set_count",
							"count":
							{
								"min": 1,
								"max": 4
							}
						}
					]
				},
				{
					"type": "item",
					"name": "minecraft:quartz",
					"weight": 2,
					"functions": [
						{
							"function": "set_count",
							"count":
							{
								"min": 4,
								"max": 16
							}
						}
					]
				},
				{
					"type": "item",
					"name": "minecraft:obsidian",
					"weight": 2,
					"functions": [
						{
							"function": "set_count",
							"count":
							{
								"min": 2,
								"max": 8
							}
						}
					]
				},
				{
					"type": "item",
					"name": "minecraft:glowstone_dust",
					"weight": 6,
					"functions": [
						{
							"function": "set_count",
							"count":
							{
								"min": 4,
								"max": 8
							}
						}
					]
				},
				{
					"type": "item",
					"name": "minecraft:flint_and_steel",
					"weight": 5
				},
				{
					"type": "item",
					"name": "minecraft:splash_potion",
					"weight": 1,
					"functions": [
						{
							"function": "set_count",
							"count": 1
						},
						{
							"function": "set_nbt",
							"tag": "{Potion:\"minecraft:swiftness\"}"
						}
					]
				},
				{
					"type": "item",
					"name": "minecraft:splash_potion",
					"weight": 1,
					"functions": [
						{
							"function": "set_nbt",
							"tag": "{Potion:\"minecraft:strength\"}"
						}
					]
				},
				{
					"type": "item",
					"name": "minecraft:splash_potion",
					"weight": 1,
					"functions": [
						{
							"function": "set_nbt",
							"tag": "{Potion:\"minecraft:fire_resistance\"}"
						}
					]
				},
				{
					"type": "item",
					"name": "minecraft:splash_potion",
					"weight": 1,
					"functions": [
						{
							"function": "set_nbt",
							"tag": "{Potion:\"minecraft:night_vision\"}"
						}
					]
				},
				{
					"type": "item",
					"name": "minecraft:splash_potion",
					"weight": 1,
					"functions": [
						{
							"function": "set_nbt",
							"tag": "{Potion:\"minecraft:healing\"}"
						}
					]
				},
				{
					"type": "item",
					"name": "minecraft:splash_potion",
					"weight": 1,
					"functions": [
						{
							"function": "set_nbt",
							"tag": "{Potion:\"minecraft:poison\"}"
						}
					]
				},
				{
					"type": "item",
					"name": "minecraft:diamond",
					"weight": 1,
					"functions": [
						{
							"function": "set_count",
							"count":
							{
								"min": 1,
								"max": 3
							}
						}
					]
				}
			]
		},
		{
			"rolls":
			{
				"min": 2,
				"max": 3
			},
			"entries": [
				{
					"type": "item",
					"name": "minecraft:nether_wart",
					"weight": 2,
					"functions": [
						{
							"function": "set_count",
							"count":
							{
								"min": 3,
								"max": 7
							}
						}
					]
				},
				{
					"type": "item",
					"name": "minecraft:fire_charge",
					"weight": 5,
					"functions": [
						{
							"function": "set_count",
							"count":
							{
								"min": 6,
								"max": 15
							}
						}
					]
				},
				{
					"type": "item",
					"name": "minecraft:netherrack",
					"weight": 5,
					"functions": [
						{
							"function": "set_count",
							"count":
							{
								"min": 8,
								"max": 16
							}
						}
					]
				},
				{
					"type": "item",
					"name": "minecraft:soul_sand",
					"weight": 5,
					"functions": [
						{
							"function": "set_count",
							"count":
							{
								"min": 6,
								"max": 12
							}
						}
					]
				},
				{
					"type": "item",
					"name": "minecraft:nether_brick",
					"weight": 4,
					"functions": [
						{
							"function": "set_count",
							"count":
							{
								"min": 10,
								"max": 20
							}
						}
					]
				},
				{
					"type": "item",
					"name": "minecraft:bone",
					"weight": 4,
					"functions": [
						{
							"function": "set_count",
							"count":
							{
								"min": 5,
								"max": 10
							}
						}
					]
				}
			]
		},
		{
			"rolls": 1,
			"conditions": [
				{
					"condition": "random_chance",
					"chance": 0.075
				}
			],
			"entries": [
				{
					"type": "item",
					"name": "minecraft:wither_skeleton_skull",
					"weight": 2
				}
			]
		}
	]
}
