
{
	"pools": [
		{
			"rolls":
			{
				"min": 2,
				"max": 5
			},
			"entries": [
				{
					"type": "item",
					"name": "minecraft:iron_ingot",
					"weight": 90,
					"functions": [
						{
							"function": "set_count",
							"count":
							{
								"min": 1,
								"max": 5
							}
						}
					]
				},
				{
					"type": "item",
					"name": "minecraft:gold_ingot",
					"weight": 10,
					"functions": [
						{
							"function": "set_count",
							"count":
							{
								"min": 1,
								"max": 5
							}
						}
					]
				},
				{
					"type": "item",
					"name": "minecraft:emerald",
					"weight": 40,
					"functions": [
						{
							"function": "set_count",
							"count":
							{
								"min": 1,
								"max": 5
							}
						}
					]
				},
				{
					"type": "item",
					"name": "minecraft:diamond",
					"weight": 5
				},
				{
					"type": "item",
					"name": "minecraft:experience_bottle",
					"weight": 5
				}
			]
		},
		{
			"rolls":
			{
				"min": 2,
				"max": 4
			},
			"entries": [
				{
					"type": "item",
					"name": "minecraft:iron_nugget",
					"weight": 50,
					"functions": [
						{
							"function": "set_count",
							"count":
							{
								"min": 1,
								"max": 10
							}
						}
					]
				},
				{
					"type": "item",
					"name": "minecraft:gold_nugget",
					"weight": 10,
					"functions": [
						{
							"function": "set_count",
							"count":
							{
								"min": 1,
								"max": 10
							}
						}
					]
				},
				{
					"type": "item",
					"name": "minecraft:lapis_lazuli",
					"weight": 20,
					"functions": [
						{
							"function": "set_count",
							"count":
							{
								"min": 1,
								"max": 10
							}
						}
					]
				}
			]
		},
		{
            "rolls": 1,
			"conditions":[
				 {
					"condition": "random_chance",
					"chance": 0.6
				 }
			],
            "entries": [
                {
                    "type": "item",
                    "name": "minecraft:player_head",
                    "weight": 1,
                    "functions": [
						{
                            "function": "set_nbt",
                            "tag": "{SkullOwner:{Id:\"c1d6fcc3-7efa-4a32-8aab-38e3244a4520\",Properties:{textures:[{Value:\"eyJ0ZXh0dXJlcyI6eyJTS0lOIjp7InVybCI6Imh0dHA6Ly90ZXh0dXJlcy5taW5lY3JhZnQubmV0L3RleHR1cmUvYzFjZDI3NjJhY2I0YjQyNzhjZjExMTc2YTVmODc3OTlmOTNhMWQ5MTE2Y2IzY2I1N2VlNGQxZTYwMTM0NTg4In19fQ==\"}]}}}"
                        },
						{
							"function": "set_name",
							"name": 
							{
								"text": "Alex Plush",
								"italic": false
							}
						}
                    ]
                },
				{
                    "type": "item",
                    "name": "minecraft:player_head",
                    "weight": 1,
                    "functions": [
						{
                            "function": "set_nbt",
                            "tag": "{SkullOwner:{Id:\"713b11e5-18fb-4fa2-a6c0-453a200abad7\",Properties:{textures:[{Value:\"eyJ0ZXh0dXJlcyI6eyJTS0lOIjp7InVybCI6Imh0dHA6Ly90ZXh0dXJlcy5taW5lY3JhZnQubmV0L3RleHR1cmUvMzgzNWRhMjY4NWY3YWQzZjE5MTlhMDE4OTc2YWQ1NjgyNjY5MWUyNjc1OGEzYTU1YTE5MThmN2YxN2FkOTM4In19fQ==\"}]}}}"
                        },
						{
							"function": "set_name",
							"name": 
							{
								"text": "Steve Plush",
								"italic": false
							}
						}
                    ]
                }
            ]
        }
	]
}
