{
    "pools": [
        {
            "rolls": {
                "min": 2,
                "max": 5
            },
            "entries": [
                {
                    "type": "item",
                    "name": "minecraft:map",
                    "weight": 15
                },
                {
                    "type": "item",
                    "name": "minecraft:compass",
                    "weight": 10
                },
                {
                    "type": "item",
                    "name": "minecraft:book",
                    "weight": 15,
                    "functions": [
                        {
                            "function": "enchant_with_levels",
                            "levels": { 
								"min": 30,
								"max": 40
							},
                            "treasure": true
                        }
                    ]
                }
            ]
        },
		{
			"rolls": 3,
            "entries": [
                {
                    "type": "item",
                    "name": "minecraft:book",
                    "functions": [
                        {
                            "function": "set_count",
                            "count": {
                                "min": 1,
                                "max": 3
                            }
                        }
                    ],
                    "weight": 1
                },
                {
                    "type": "item",
                    "name": "minecraft:paper",
                    "functions": [
                        {
                            "function": "set_count",
                            "count": {
                                "min": 2,
                                "max": 7
                            }
                        }
                    ],
                    "weight": 2
                }
            ]
		},
		{
            "rolls": 1,
			"conditions":[
				 {
					"condition": "random_chance",
					"chance": 0.60
				 }
			],
            "entries": [
                {
                    "type": "item",
                    "name": "minecraft:player_head",
                    "weight": 1,
                    "functions": [
						{
                            "function": "set_nbt",
                            "tag": "{SkullOwner:{Id:\"198765c1-c236-4c7d-8555-d0dbacfcb123\",Properties:{textures:[{Value:\"eyJ0ZXh0dXJlcyI6eyJTS0lOIjp7InVybCI6Imh0dHA6Ly90ZXh0dXJlcy5taW5lY3JhZnQubmV0L3RleHR1cmUvMTc2MmExNWIwNDY5MmEyZTRiM2ZiMzY2M2JkNGI3ODQzNGRjZTE3MzJiOGViMWM3YTlmN2MwZmJmNmYifX19\"}]}}}"
                        },
						{
							"function": "set_name",
							"name": 
							{
								"text": "Enchanting Table Plush",
								"italic": false
							}
						}
                    ]
                }
            ]
        }
    ]
}