{
    "pools": [
        {
            "rolls": {
                "min": 2,
                "max": 3
            },
            "entries": [
                {
                    "type": "item",
                    "name": "minecraft:emerald",
                    "weight": 6,
                    "functions": [
                        {
                            "function": "set_count",
                            "count": {
                                "min": 2,
                                "max": 4
                            }
                        }
                    ]
                },
                {
                    "type": "item",
                    "name": "minecraft:iron_ingot",
                    "weight": 10,
                    "functions": [
                        {
                            "function": "set_count",
                            "count": {
                                "min": 2,
                                "max": 6
                            }
                        }
                    ]
                },
                {
                    "type": "item",
                    "name": "minecraft:gold_ingot",
                    "weight": 12,
                    "functions": [
                        {
                            "function": "set_count",
                            "count": {
                                "min": 2,
                                "max": 4
                            }
                        }
                    ]
                },
                {
                    "type": "item",
                    "name": "minecraft:obsidian",
                    "functions": [
                        {
                            "function": "set_count",
                            "count": {
                                "min": 3,
                                "max": 7
                            }
                        }
                    ],
                    "weight": 5
                }
            ]
        },
		{
			"rolls": 1,
			"entries":[
                {
                    "type": "item",
                    "name": "minecraft:iron_boots",
                    "weight": 6
                },
                {
                    "type": "item",
                    "name": "minecraft:iron_leggings",
                    "weight": 6
                },
                {
                    "type": "item",
                    "name": "minecraft:iron_chestplate",
                    "weight": 6
                },
                {
                    "type": "item",
                    "name": "minecraft:iron_helmet",
                    "weight": 6
                },
                {
                    "type": "item",
                    "name": "minecraft:iron_sword",
                    "weight": 5
                },
                {
                    "type": "item",
                    "name": "minecraft:iron_pickaxe",
                    "weight": 5
                },
                {
                    "type": "item",
                    "name": "minecraft:iron_axe",
                    "weight": 6
                },
                {
                    "type": "item",
                    "name": "minecraft:iron_shovel",
                    "weight": 6
                },
                {
                    "type": "item",
                    "name": "minecraft:diamond_chestplate",
                    "weight": 1
                },
                {
                    "type": "item",
                    "name": "minecraft:diamond_sword",
                    "weight": 1
                },
                {
                    "type": "item",
                    "name": "minecraft:diamond_pickaxe",
                    "weight": 1
                },
                {
                    "type": "item",
                    "name": "minecraft:diamond_axe",
                    "weight": 2
                },
                {
                    "type": "item",
                    "name": "minecraft:diamond_shovel",
                    "weight": 2
                }
			]
		},
		{
            "rolls": {
                "min": 3,
                "max": 4
            },
            "entries": [
                {
                    "type": "item",
                    "name": "minecraft:bread",
                    "functions": [
                        {
                            "function": "set_count",
                            "count": {
                                "min": 1,
                                "max": 3
                            }
                        }
                    ],
                    "weight": 15
                },
                {
                    "type": "item",
                    "name": "minecraft:apple",
                    "functions": [
                        {
                            "function": "set_count",
                            "count": {
                                "min": 1,
                                "max": 3
                            }
                        }
                    ],
                    "weight": 15
                },
                {
                    "type": "item",
                    "name": "minecraft:oak_sapling",
                    "functions": [
                        {
                            "function": "set_count",
                            "count": {
                                "min": 3,
                                "max": 7
                            }
                        }
                    ],
                    "weight": 5
                },
                {
                    "type": "item",
                    "name": "minecraft:saddle",
                    "weight": 3
                },
                {
                    "type": "item",
                    "name": "minecraft:iron_horse_armor",
                    "weight": 1
                },
                {
                    "type": "item",
                    "name": "minecraft:golden_horse_armor",
                    "weight": 1
                },
                {
                    "type": "item",
                    "name": "minecraft:diamond_horse_armor",
                    "weight": 1
                }
            ]
        },
		{
			"rolls": 2,
			"entries": [
				{
                    "type": "item",
                    "name": "minecraft:coal",
                    "weight": 100,
                    "functions": [
                        {
                            "function": "set_count",
                            "count": {
                                "min": 4,
                                "max": 8
                            }
                        }
                    ]
                },
				{
					"type": "item",
                    "name": "minecraft:chipped_anvil",
                    "weight": 30
				},
				{
					"type": "item",
                    "name": "minecraft:damaged_anvil",
                    "weight": 30
				}
			]
		},
		{
            "rolls": 1,
			"conditions":[
				 {
					"condition": "random_chance",
					"chance": 0.50
				 }
			],
            "entries": [
                {
                    "type": "item",
                    "name": "minecraft:player_head",
                    "weight": 1,
                    "functions": [
						{
                            "function": "set_nbt",
                            "tag": "{SkullOwner:{Id:\"1ede93aa-121b-4c19-979a-d05c710ece9b\",Properties:{textures:[{Value:\"eyJ0ZXh0dXJlcyI6eyJTS0lOIjp7InVybCI6Imh0dHA6Ly90ZXh0dXJlcy5taW5lY3JhZnQubmV0L3RleHR1cmUvYzkxNzc0ZThlNDNjZjUzNWUzMDk3MTZhMDNiNGE0YTgxMTA4NzkzZGU3NjhlYmQzZjEyMjRlNjgwMjFmZTk3ZSJ9fX0=\"}]}}}"
                        },
						{
							"function": "set_name",
							"name": 
							{
								"text": "Villager Plush",
								"italic": false
							}
						}
                    ]
                }
            ]
        }
    ]
}