{
    "pools": [
        {
            "rolls": 1,
			"conditions": [
				 {
					"condition": "random_chance_with_looting",
					"chance": 0.1,
					"looting_multiplier": 0.05
				 }
			],
            "entries": [
                {
                    "type": "item",
                    "name": "minecraft:phantom_membrane",
                    "weight": 1,
                    "functions": [
						{
							"function": "set_name",
							"name": 
							{
								"text": "Bat Membrane",
								"italic": false
							}
						}
                    ]
                }
            ]
        }
    ]
}