{
    "pools": [
        {
            "rolls": {
                "min": 1,
                "max": 2
            },
            "entries": [
                {
                    "type": "item",
                    "name": "minecraft:cod",
                    "weight": 1,
                    "functions": [
                        {
                            "function": "set_count",
                            "count": {
                                "min": 1,
                                "max": 3
                            }
                        },
                        {
                            "function": "looting_enchant",
                            "count": {
                                "min": 0,
                                "max": 1
                            }
                        },
                        {
                            "function": "furnace_smelt",
                            "conditions": [
                                {
                                    "condition": "entity_properties",
                                    "entity": "this",
                                    "properties": {
                                        "on_fire": true
                                    }
                                }
                            ]
                        }
                    ]
                },
                {
                    "type": "item",
                    "name": "minecraft:salmon",
                    "weight": 1,
                    "functions": [
                        {
                            "function": "set_count",
                            "count": {
                                "min": 1,
                                "max": 3
                            }
                        },
                        {
                            "function": "furnace_smelt",
                            "conditions": [
                                {
                                    "condition": "entity_properties",
                                    "entity": "this",
                                    "properties": {
                                        "on_fire": true
                                    }
                                }
                            ]
                        }
                    ]
                },
                {
                    "type": "item",
                    "name": "minecraft:pufferfish",
                    "weight": 1,
                    "functions": [
                        {
                            "function": "looting_enchant",
                            "count": {
                                "min": 0,
                                "max": 1
                            }
                        }
                    ]
                },
                {
                    "type": "item",
                    "name": "minecraft:tropical_fish",
                    "weight": 1,
                    "functions": [
                        {
                            "function": "set_count",
                            "count": {
                                "min": 1,
                                "max": 4
                            }
                        },
                        {
                            "function": "looting_enchant",
                            "count": {
                                "min": 0,
                                "max": 1
                            }
                        }
                    ]
                }
            ]
        },
        {
            "rolls": 1,
            "entries": [
                {
                    "type": "item",
                    "name": "minecraft:prismarine_shard",
                    "weight": 1,
                    "functions": [
                        {
                            "function": "set_count",
                            "count": {
                                "min": 5,
                                "max": 10
                            }
                        },
                        {
                            "function": "looting_enchant",
                            "count": {
                                "min": 5,
                                "max": 10
                            }
                        }
                    ]
                }
            ]
        },
        {
            "rolls": 1,
            "entries": [
                {
                    "type": "item",
                    "name": "minecraft:prismarine_crystals",
                    "weight": 1,
                    "functions": [
                        {
                            "function": "set_count",
                            "count": {
                                "min": 5,
                                "max": 10
                            }
                        },
                        {
                            "function": "looting_enchant",
                            "count": {
                                "min": 0,
                                "max": 5
                            }
                        }
                    ]
                }
            ]
        },
        {
            "rolls": 1,
            "entries": [
                {
                    "type": "item",
                    "name": "minecraft:wet_sponge",
                    "weight": 1,
                    "functions": [
                        {
                            "function": "set_count",
                            "count": 1
                        }
                    ]
                }
            ]
        },
        {
            "conditions": [
                {
                    "condition": "killed_by_player"
                },
                {
                    "condition": "random_chance_with_looting",
                    "chance": 0.10,
					"looting_multiplier": 0.10
                }
            ],
            "rolls": 1,
            "entries": [
                {
                    "type": "item",
                    "name": "minecraft:player_head",
                    "weight": 1,
                    "functions": [
                        {
                            "function": "set_nbt",
                            "tag": "{SkullOwner:{Id:\"e56a8749-8a4a-40cc-9ded-3c90f8ae8c63\",Properties:{textures:[{Value:\"eyJ0ZXh0dXJlcyI6eyJTS0lOIjp7InVybCI6Imh0dHA6Ly90ZXh0dXJlcy5taW5lY3JhZnQubmV0L3RleHR1cmUvMWM3OTc0ODJhMTRiZmNiODc3MjU3Y2IyY2ZmMWI2ZTZhOGI4NDEzMzM2ZmZiNGMyOWE2MTM5Mjc4YjQzNmIifX19\"}]}}}"
                        },
						{
							"function": "set_name",
							"name": 
							{
								"text": "Elder Guardian Head",
								"italic": false
							}
						}
                    ]
                }
            ]
        }
    ]
}