{
    "pools": [
        {
            "rolls": 1,
            "conditions": [
                {
                    "condition": "random_chance_with_looting",
                    "chance": 0.45,
                    "looting_multiplier": 0.15
                }
            ],
            "entries": [
                {
                    "type": "item",
                    "name": "minecraft:ender_pearl",
                    "weight": 1
                }
            ]
        }
	]
}