{
    "pools": [
        {
            "rolls": 1,
			"conditions": [
				{
					"condition": "random_chance",
					"chance": 0.50
				}
			],
            "entries": [
                {
                    "type": "item",
                    "name": "minecraft:player_head",
                    "weight": 1,
                    "functions": [
						{
                            "function": "set_nbt",
                            "tag": "{display:{Lore:[\"§rWhen in inventory increases\",\"§ryour max health by 2 hearts.\", \"§rEffect doesn't stack\"]},SkullOwner:{Id:\"b49b235e-9091-4491-9172-db56ba8f2eb5\",Properties:{textures:[{Value:\"eyJ0ZXh0dXJlcyI6eyJTS0lOIjp7InVybCI6Imh0dHA6Ly90ZXh0dXJlcy5taW5lY3JhZnQubmV0L3RleHR1cmUvOWNhYTc0NDZiZTg3NGJmMWExNGVkMWZjZWZjYzBhMDkyMzM2YzFiZjViZjQ2NWU5ZDI1NGRlZTM0YWZlYTc5In19fQ==\"}]}}}"
                        },
						{
							"function": "set_name",
							"name": 
							{
								"text": "Heart Canister",
								"italic": false,
								"color": "red"
							}
						}
                    ]
                },
                {
                    "type": "item",
                    "name": "minecraft:player_head",
                    "weight": 1,
                    "functions": [
						{
                            "function": "set_nbt",
                            "tag": "{display:{Lore:[\"§rWhen in inventory increases\",\"§ryour max health by 2 hearts.\", \"§rEffect doesn't stack\"]},SkullOwner:{Id:\"13941c55-d8c8-4844-be69-73bb9469f6e1\",Properties:{textures:[{Value:\"eyJ0ZXh0dXJlcyI6eyJTS0lOIjp7InVybCI6Imh0dHA6Ly90ZXh0dXJlcy5taW5lY3JhZnQubmV0L3RleHR1cmUvNGVkNjFhNzg5NmZiYjczY2Y1ZWVjOWNhOTEyNTJmM2ZiZWNhYThlN2YyZmQyZDIzMWI3MzEyODZkNTY5MSJ9fX0=\"}]}}}"
                        },
						{
							"function": "set_name",
							"name": 
							{
								"text": "Heart Canister",
								"italic": false
							}
						}
                    ]
                }
            ]
        },
        {
            "rolls": 1,
            "entries": [
                {
                    "type": "item",
                    "name": "minecraft:totem_of_undying",
                    "weight": 1
                }
            ]
        },
        {
            "rolls": 1,
            "entries": [
                {
                    "type": "item",
                    "name": "minecraft:emerald",
                    "weight": 1,
                    "functions": [
                        {
                            "function": "set_count",
                            "count": {
                                "min": 0,
                                "max": 1
                            }
                        },
                        {
                            "function": "looting_enchant",
                            "count": {
                                "min": 0,
                                "max": 1
                            }
                        }
                    ]
                }
            ]
        },
        {
            "conditions": [
                {
                    "condition": "killed_by_player"
                },
                {
                    "condition": "random_chance_with_looting",
                    "chance": 0.10,
					"looting_multiplier": 0.10
                }
            ],
            "rolls": 1,
            "entries": [
                {
                    "type": "item",
                    "name": "minecraft:player_head",
                    "weight": 1,
                    "functions": [
                        {
                            "function": "set_nbt",
                            "tag": "{SkullOwner:{Id:\"c8a996be-0c1e-4806-a6dc-75b0d29ca3ac\",Properties:{textures:[{Value:\"eyJ0ZXh0dXJlcyI6eyJTS0lOIjp7InVybCI6Imh0dHA6Ly90ZXh0dXJlcy5taW5lY3JhZnQubmV0L3RleHR1cmUvMzQzMzMyMmUyY2NiZDljNTVlZjQxZDk2ZjM4ZGJjNjY2YzgwMzA0NWIyNDM5MWFjOTM5MWRjY2FkN2NkIn19fQ==\"}]}}}"
                        },
						{
							"function": "set_name",
							"name": 
							{
								"text": "Evoker Head",
								"italic": false
							}
						}
                    ]
                }
            ]
        }
    ]
}