{
    "pools": [
        {
            "rolls": 1,
            "entries": [
                {
                    "type": "item",
                    "name": "minecraft:leather",
                    "functions": [
                        {
                            "function": "set_count",
                            "count": {
                                "min": 0,
                                "max": 2
                            }
                        },
                        {
                            "function": "looting_enchant",
                            "count": {
                                "min": 0,
                                "max": 1
                            }
                        }
                    ]
                }
            ]
        },
		{
            "conditions": [
                {
                    "condition": "killed_by_player"
                },
                {
                    "condition": "random_chance_with_looting",
                    "chance": 0.05,
					"looting_multiplier": 0.025
                }
            ],
            "rolls": 1,
            "entries": [
                {
                    "type": "item",
                    "name": "minecraft:player_head",
                    "weight": 1,
                    "functions": [
                        {
                            "function": "set_nbt",
                            "tag": "{SkullOwner:{Id:\"b600f9c3-9c3f-4e3c-828c-3ebb6414eaa7\",Properties:{textures:[{Value:\"eyJ0ZXh0dXJlcyI6eyJTS0lOIjp7InVybCI6Imh0dHA6Ly90ZXh0dXJlcy5taW5lY3JhZnQubmV0L3RleHR1cmUvNDEzODEzZGQ0NWVkMGVmODM4NDQ4Y2Y2ZjYzMWMxNTdjMjNmOTY1MGM1YWU0NTFlOTc4YTUzMzgzMzEyZmUifX19\"}]}}}"
                        },
						{
							"function": "set_name",
							"name": 
							{
								"text": "Horse Head",
								"italic": false
							}
						}
                    ]
                },
                {
                    "type": "item",
                    "name": "minecraft:player_head",
                    "weight": 1,
                    "functions": [
                        {
                            "function": "set_nbt",
                            "tag": "{SkullOwner:{Id:\"c6abc94e-a5ff-45fe-a0d7-4e479f290a6f\",Properties:{textures:[{Value:\"eyJ0ZXh0dXJlcyI6eyJTS0lOIjp7InVybCI6Imh0dHA6Ly90ZXh0dXJlcy5taW5lY3JhZnQubmV0L3RleHR1cmUvNDJlYjk2N2FiOTRmZGQ0MWE2MzI1ZjEyNzdkNmRjMDE5MjI2ZTVjZjM0OTc3ZWVlNjk1OTdmYWZjZjVlIn19fQ==\"}]}}}"
                        },
						{
							"function": "set_name",
							"name": 
							{
								"text": "Horse Head",
								"italic": false
							}
						}
                    ]
                },
                {
                    "type": "item",
                    "name": "minecraft:player_head",
                    "weight": 1,
                    "functions": [
                        {
                            "function": "set_nbt",
                            "tag": "{SkullOwner:{Id:\"022202fd-9546-4492-b8b6-b768e95701c2\",Properties:{textures:[{Value:\"eyJ0ZXh0dXJlcyI6eyJTS0lOIjp7InVybCI6Imh0dHA6Ly90ZXh0dXJlcy5taW5lY3JhZnQubmV0L3RleHR1cmUvN2JiNGIyODg5OTFlZmI4Y2EwNzQzYmVjY2VmMzEyNThiMzFkMzlmMjQ5NTFlZmIxYzljMThhNDE3YmE0OGY5In19fQ==\"}]}}}"
                        },
						{
							"function": "set_name",
							"name": 
							{
								"text": "Horse Head",
								"italic": false
							}
						}
                    ]
                }
            ]
        }
    ]
}