{
    "pools": [
        {
            "rolls": 1,
            "entries": [
                {
                    "type": "item",
                    "name": "minecraft:rotten_flesh",
                    "weight": 1,
                    "functions": [
                        {
                            "function": "set_count",
                            "count": {
                                "min": 0,
                                "max": 2
                            }
                        },
                        {
                            "function": "looting_enchant",
                            "count": {
                                "min": 0,
                                "max": 1
                            }
                        }
                    ]
                }
            ]
        },
        {
            "rolls": {
				"min": 0,
				"max": 1
			},
            "entries": [
                {
                    "type": "item",
                    "name": "minecraft:sand",
                    "weight": 1,
                    "functions": [
                        {
                            "function": "set_count",
                            "count": {
                                "min": 0,
                                "max": 2
                            }
                        },
                        {
                            "function": "looting_enchant",
                            "count": {
                                "min": 0,
                                "max": 1
                            }
                        }
                    ]
                }
            ]
        },
        {
            "conditions": [
                {
                    "condition": "killed_by_player"
                },
                {
                    "condition": "random_chance_with_looting",
                    "chance": 0.025,
                    "looting_multiplier": 0.01
                }
            ],
            "rolls": 1,
            "entries": [
                {
                    "type": "item",
                    "name": "minecraft:iron_ingot",
                    "weight": 1
                },
                {
                    "type": "item",
                    "name": "minecraft:carrot",
                    "weight": 1
                },
                {
                    "type": "item",
                    "name": "minecraft:potato",
                    "weight": 1
                }
            ]
        },
        {
            "conditions": [
                {
                    "condition": "killed_by_player",
                    "inverse": false
                },
                {
                    "condition": "random_chance_with_looting",
                    "chance": 0.01,
					"looting_multiplier": 0.0075
                }
            ],
            "rolls": 1,
            "entries": [
                {
                    "type": "item",
                    "name": "minecraft:player_head",
                    "weight": 1,
                    "functions": [
						{
							"function": "set_nbt",
							"tag": "{SkullOwner:{Id:\"67cb2d75-5f9d-43ac-a5b8-3566a4851602\",Properties:{textures:[{Value:\"eyJ0ZXh0dXJlcyI6eyJTS0lOIjp7InVybCI6Imh0dHA6Ly90ZXh0dXJlcy5taW5lY3JhZnQubmV0L3RleHR1cmUvNmFlM2E1YmZjYWE5NDNkMTI2OTg4ZWQxN2NlOGU0YTdmYjQyMzFiMDVhNWM1Yzk0N2U1Y2M5NzUyYTE5OTk2MiJ9fX0=\"}]}},display:{Name:\"§fHusk Head\"}}"
						},
						{
							"function": "set_name",
							"name": 
							{
								"text": "Husk Head",
								"italic": false
							}
						}
                    ]
                }
            ]
        }
    ]
}