{
    "pools": [
        {
            "rolls": 1,
            "entries": [
                {
                    "type": "item",
                    "name": "minecraft:magma_cream",
                    "weight": 1,
                    "functions": [
                        {
                            "function": "set_count",
                            "count": {
                                "min": -2,
                                "max": 1
                            }
                        },
                        {
                            "function": "looting_enchant",
                            "count": {
                                "min": 0,
                                "max": 1
                            }
                        }
                    ]
                }
            ]
        },
		{
            "rolls": 1,
            "entries": [
                {
                    "type": "item",
                    "name": "minecraft:quartz",
                    "weight": 1,
                    "functions": [
                        {
                            "function": "set_count",
                            "count": {
                                "min": 0,
                                "max": 1
                            }
                        },
                        {
                            "function": "looting_enchant",
                            "count": {
                                "min": 0,
                                "max": 1
                            }
                        }
                    ]
                }
            ]
        },
        {
            "conditions": [
                {
                    "condition": "killed_by_player"
                },
                {
                    "condition": "random_chance_with_looting",
                    "chance": 0.02,
					"looting_multiplier": 0.01
                }
            ],
            "rolls": 1,
            "entries": [
                {
                    "type": "item",
                    "name": "minecraft:player_head",
                    "weight": 1,
                    "functions": [
                        {
                            "function": "set_nbt",
                            "tag": "{SkullOwner:{Id:\"c7a2a957-4479-4a76-b39a-a04311e47ef4\",Properties:{textures:[{Value:\"eyJ0ZXh0dXJlcyI6eyJTS0lOIjp7InVybCI6Imh0dHA6Ly90ZXh0dXJlcy5taW5lY3JhZnQubmV0L3RleHR1cmUvMzg5NTdkNTAyM2M5MzdjNGM0MWFhMjQxMmQ0MzQxMGJkYTIzY2Y3OWE5ZjZhYjM2Yjc2ZmVmMmQ3YzQyOSJ9fX0=\"}]}}}"
                        },
						{
							"function": "set_name",
							"name": 
							{
								"text": "Magma Cube Head",
								"italic": false
							}
						}
                    ]
                }
            ]
        }
    ]
}