{
    "pools": [
        {
            "rolls": 1,
            "entries": [
                {
                    "type": "item",
                    "name": "minecraft:leather",
                    "functions": [
                        {
                            "function": "set_count",
                            "count": {
                                "min": 0,
                                "max": 2
                            }
                        },
                        {
                            "function": "looting_enchant",
                            "count": {
                                "min": 0,
                                "max": 1
                            }
                        }
                    ]
                }
            ]
        },
        {
            "conditions": [
                {
                    "condition": "killed_by_player"
                },
                {
                    "condition": "random_chance_with_looting",
                    "chance": 0.05,
					"looting_multiplier": 0.025
                }
            ],
            "rolls": 1,
            "entries": [
                {
                    "type": "item",
                    "name": "minecraft:player_head",
                    "weight": 1,
                    "functions": [
                        {
                            "function": "set_nbt",
                            "tag": "{SkullOwner:{Id:\"1fd5db60-329f-4dcd-9e8d-7d4adc68ff29\",Properties:{textures:[{Value:\"eyJ0ZXh0dXJlcyI6eyJTS0lOIjp7InVybCI6Imh0dHA6Ly90ZXh0dXJlcy5taW5lY3JhZnQubmV0L3RleHR1cmUvYTA0ODZhNzQyZTdkZGEwYmFlNjFjZTJmNTVmYTEzNTI3ZjFjM2IzMzRjNTdjMDM0YmI0Y2YxMzJmYjVmNWYifX19\"}]}}}"
                        },
						{
							"function": "set_name",
							"name": 
							{
								"text": "Mule Head",
								"italic": false
							}
						}
                    ]
                }
            ]
        }
    ]
}