{
    "pools": [
        {
            "rolls": 1,
            "entries": [
                {
                    "type": "item",
                    "name": "minecraft:rabbit_hide",
                    "weight": 1,
                    "functions": [
                        {
                            "function": "set_count",
                            "count": {
                                "min": 0,
                                "max": 1
                            }
                        },
                        {
                            "function": "looting_enchant",
                            "count": {
                                "min": 0,
                                "max": 1
                            }
                        }
                    ]
                }
            ]
        },
        {
            "rolls": 1,
            "entries": [
                {
                    "type": "item",
                    "name": "minecraft:rabbit",
                    "weight": 1,
                    "functions": [
                        {
                            "function": "set_count",
                            "count": {
                                "min": 0,
                                "max": 1
                            }
                        },
                        {
                            "function": "furnace_smelt",
                            "conditions": [
                                {
                                    "condition": "entity_properties",
                                    "entity": "this",
                                    "properties": {
                                        "on_fire": true
                                    }
                                }
                            ]
                        },
                        {
                            "function": "looting_enchant",
                            "count": {
                                "min": 0,
                                "max": 1
                            }
                        }
                    ]
                }
            ]
        },
        {
            "conditions": [
                {
                    "condition": "killed_by_player"
                },
                {
                    "condition": "random_chance_with_looting",
                    "chance": 0.1,
                    "looting_multiplier": 0.03
                }
            ],
            "rolls": 1,
            "entries": [
                {
                    "type": "item",
                    "name": "minecraft:rabbit_foot",
                    "weight": 1
                }
            ]
        },
        {
            "conditions": [
                {
                    "condition": "killed_by_player"
                },
                {
                    "condition": "random_chance_with_looting",
                    "chance": 0.02,
					"looting_multiplier": 0.01
                }
            ],
            "rolls": 1,
            "entries": [
                {
                    "type": "item",
                    "name": "minecraft:player_head",
                    "weight": 1,
                    "functions": [
                        {
                            "function": "set_nbt",
                            "tag": "{SkullOwner:{Id:\"6bafd710-5fa3-4f4d-99cf-ad47fa436e3f\",Properties:{textures:[{Value:\"eyJ0ZXh0dXJlcyI6eyJTS0lOIjp7InVybCI6Imh0dHA6Ly90ZXh0dXJlcy5taW5lY3JhZnQubmV0L3RleHR1cmUvY2I4Y2ZmNGIxNWI4Y2EzN2UyNTc1MGYzNDU3MThmMjg5Y2IyMmM1YjNhZDIyNjI3YTcxMjIzZmFjY2MifX19\"}]}}}"
                        },
						{
							"function": "set_name",
							"name": 
							{
								"text": "Black & White Rabbit Head",
								"italic": false
							}
						}
                    ]
                },
                {
                    "type": "item",
                    "name": "minecraft:player_head",
                    "weight": 1,
                    "functions": [
                        {
                            "function": "set_nbt",
                            "tag": "{SkullOwner:{Id:\"827f5a8f-1cd7-4148-872f-d3c7f424882f\",Properties:{textures:[{Value:\"eyJ0ZXh0dXJlcyI6eyJTS0lOIjp7InVybCI6Imh0dHA6Ly90ZXh0dXJlcy5taW5lY3JhZnQubmV0L3RleHR1cmUvNzJjNTgxMTZhMTQ3ZDFhOWEyNjI2OTIyNGE4YmUxODRmZThlNWYzZjNkZjliNjE3NTEzNjlhZDg3MzgyZWM5In19fQ==\"}]}}}"
                        },
						{
							"function": "set_name",
							"name": 
							{
								"text": "Black Rabbit Head",
								"italic": false
							}
						}
                    ]
                },
                {
                    "type": "item",
                    "name": "minecraft:player_head",
                    "weight": 1,
                    "functions": [
                        {
                            "function": "set_nbt",
                            "tag": "{SkullOwner:{Id:\"dacb90db-f547-4b25-b9fd-c2aefc0b07fa\",Properties:{textures:[{Value:\"eyJ0ZXh0dXJlcyI6eyJTS0lOIjp7InVybCI6Imh0dHA6Ly90ZXh0dXJlcy5taW5lY3JhZnQubmV0L3RleHR1cmUvYzk3N2EzMjY2YmYzYjllYWYxN2U1YTAyZWE1ZmJiNDY4MDExNTk4NjNkZDI4OGI5M2U2YzEyYzljYiJ9fX0=\"}]}}}"
                        },
						{
							"function": "set_name",
							"name": 
							{
								"text": "Creamy Rabbit Head",
								"italic": false
							}
						}
                    ]
                },
                {
                    "type": "item",
                    "name": "minecraft:player_head",
                    "weight": 1,
                    "functions": [
                        {
                            "function": "set_nbt",
                            "tag": "{SkullOwner:{Id:\"02703b0c-573f-4042-a91b-659a3981b508\",Properties:{textures:[{Value:\"eyJ0ZXh0dXJlcyI6eyJTS0lOIjp7InVybCI6Imh0dHA6Ly90ZXh0dXJlcy5taW5lY3JhZnQubmV0L3RleHR1cmUvZmZlY2M2YjVlNmVhNWNlZDc0YzQ2ZTc2MjdiZTNmMDgyNjMyN2ZiYTI2Mzg2YzZjYzc4NjMzNzJlOWJjIn19fQ==\"}]}}}"
                        },
						{
							"function": "set_name",
							"name": 
							{
								"text": "Brown & White Rabbit Head",
								"italic": false
							}
						}
                    ]
                },
                {
                    "type": "item",
                    "name": "minecraft:player_head",
                    "weight": 1,
                    "functions": [
                        {
                            "function": "set_nbt",
                            "tag": "{SkullOwner:{Id:\"717a725b-257f-4172-bdba-5de8506fb6dc\",Properties:{textures:[{Value:\"eyJ0ZXh0dXJlcyI6eyJTS0lOIjp7InVybCI6Imh0dHA6Ly90ZXh0dXJlcy5taW5lY3JhZnQubmV0L3RleHR1cmUvN2QxMTY5YjI2OTRhNmFiYTgyNjM2MDk5MjM2NWJjZGE1YTEwYzg5YTNhYTJiNDhjNDM4NTMxZGQ4Njg1YzNhNyJ9fX0=\"}]}}}"
                        },
						{
							"function": "set_name",
							"name": 
							{
								"text": "Brown Rabbit Head",
								"italic": false
							}
						}
                    ]
                }
            ]
        }
    ]
}