{
    "pools": [
        {
            "rolls": 1,
            "entries": [
                {
                    "type": "item",
                    "name": "minecraft:salmon",
                    "weight": 1,
                    "functions": [
                        {
                            "function": "furnace_smelt",
                            "conditions": [
                                {
                                    "condition": "entity_properties",
                                    "entity": "this",
                                    "properties": {
                                        "on_fire": true
                                    }
                                }
                            ]
                        }
                    ]
                }
            ]
        },
        {
            "conditions": [
                {
                    "condition": "killed_by_player"
                },
                {
                    "condition": "random_chance_with_looting",
                    "chance": 0.04,
					"looting_multiplier": 0.02
                }
            ],
            "rolls": 1,
            "entries": [
                {
                    "type": "item",
                    "name": "minecraft:player_head",
                    "weight": 1,
                    "functions": [
                        {
                            "function": "set_nbt",
                            "tag": "{SkullOwner:{Id:\"0354c430-3979-4b6e-8e65-a99eb3ea8818\",Properties:{textures:[{Value:\"eyJ0ZXh0dXJlcyI6eyJTS0lOIjp7InVybCI6Imh0dHA6Ly90ZXh0dXJlcy5taW5lY3JhZnQubmV0L3RleHR1cmUvOGFlYjIxYTI1ZTQ2ODA2Y2U4NTM3ZmJkNjY2ODI4MWNmMTc2Y2VhZmU5NWFmOTBlOTRhNWZkODQ5MjQ4NzgifX19\"}]}}}"
                        },
						{
							"function": "set_name",
							"name": 
							{
								"text": "Salmon Head",
								"italic": false
							}
						}
                    ]
                }
            ]
        }
    ]
}