{
    "pools": [
		{
			"conditions": [
				{
					"condition": "random_chance_with_looting",
					"chance": 0.5,
					"looting_multiplier": 0.0625
				}
			],
			"rolls": 1,
			"entries": [
				{
					"type": "item",
					"name": "minecraft:shulker_shell"
				}
			]
		},
        {
            "conditions": [
                {
                    "condition": "killed_by_player"
                },
                {
                    "condition": "random_chance_with_looting",
                    "chance": 0.025,
					"looting_multiplier": 0.01
                }
            ],
            "rolls": 1,
            "entries": [
                {
                    "type": "item",
                    "name": "minecraft:player_head",
                    "weight": 1,
                    "functions": [
                        {
                            "function": "set_nbt",
                            "tag": "{SkullOwner:{Id:\"ef81234c-eb95-4ed6-b914-ca4ec0ac165e\",Properties:{textures:[{Value:\"eyJ0ZXh0dXJlcyI6eyJTS0lOIjp7InVybCI6Imh0dHA6Ly90ZXh0dXJlcy5taW5lY3JhZnQubmV0L3RleHR1cmUvMTQzM2E0YjczMjczYTY0YzhhYjI4MzBiMGZmZjc3N2E2MWE0ODhjOTJmNjBmODNiZmIzZTQyMWY0MjhhNDQifX19\"}]}}}"
                        },
						{
							"function": "set_name",
							"name": 
							{
								"text": "Shulker Head",
								"italic": false
							}
						}
                    ]
                }
            ]
        }
    ]
}