{
    "pools": [
		{
			"rolls": 1,
            "entries": [
                {
                    "type": "item",
                    "name": "minecraft:iron_nugget",
                    "weight": 1,
					"functions": [
                        {
                            "function": "set_count",
                            "count": {
                                "min": 0,
                                "max": 2
                            }
                        },
                        {
                            "function": "looting_enchant",
                            "count": {
                                "min": 0,
                                "max": 2
                            }
                        }
                    ]
                }
            ]
		},
        {
            "conditions": [
                {
                    "condition": "killed_by_player"
                },
                {
                    "condition": "random_chance_with_looting",
                    "chance": 0.10,
                    "looting_multiplier": 0.05
                }
            ],
            "rolls": 1,
            "entries": [
                {
                    "type": "item",
                    "name": "minecraft:infested_stone",
                    "weight": 1
                },
                {
                    "type": "item",
                    "name": "minecraft:infested_cobblestone",
                    "weight": 1
                },
                {
                    "type": "item",
                    "name": "minecraft:infested_stone_bricks",
                    "weight": 1
                },
                {
                    "type": "item",
                    "name": "minecraft:infested_mossy_stone_bricks",
                    "weight": 1
                },
                {
                    "type": "item",
                    "name": "minecraft:infested_cracked_stone_bricks",
                    "weight": 1
                },
                {
                    "type": "item",
                    "name": "minecraft:infested_chiseled_stone_bricks",
                    "weight": 1
                }
            ]
        }
    ]
}