{
    "pools": [
        {
            "rolls": 1,
            "entries": [
                {
                    "type": "item",
                    "name": "minecraft:seagrass",
                    "weight": 3,
                    "functions": [
                        {
                            "function": "set_count",
                            "count": {
                                "min": 0,
                                "max": 2
                            }
                        },
                        {
                            "function": "looting_enchant",
                            "count": {
                                "min": 0,
                                "max": 1
                            }
                        }
                    ]
                }
            ]
        },
        {
            "conditions": [
                {
                    "condition": "killed_by_player"
                },
                {
                    "condition": "random_chance_with_looting",
                    "chance": 0.05,
					"looting_multiplier": 0.05
                }
            ],
            "rolls": 1,
            "entries": [
                {
                    "type": "item",
                    "name": "minecraft:player_head",
                    "weight": 1,
                    "functions": [
                        {
                            "function": "set_nbt",
                            "tag": "{SkullOwner:{Id:\"245f22b4-2c7c-4a9c-86fa-9ec64c54e4fa\",Properties:{textures:[{Value:\"eyJ0ZXh0dXJlcyI6eyJTS0lOIjp7InVybCI6Imh0dHA6Ly90ZXh0dXJlcy5taW5lY3JhZnQubmV0L3RleHR1cmUvMGE0MDUwZTdhYWNjNDUzOTIwMjY1OGZkYzMzOWRkMTgyZDdlMzIyZjlmYmNjNGQ1Zjk5YjU3MThhIn19fQ==\"}]}}}"
                        },
						{
							"function": "set_name",
							"name": 
							{
								"text": "Turtle Head",
								"italic": false
							}
						}
                    ]
                }
            ]
        }
    ]
}