
{
	"pools": [
		{
			"rolls": 1,
			"entries": [
				{
					"type": "item",
					"name": "minecraft:emerald",
					"weight": 1,
					"functions": [
						{
							"function": "set_count",
							"count":
							{
								"min": 0,
								"max": 1
							}
						},
						{
							"function": "looting_enchant",
							"count":
							{
								"min": 0,
								"max": 1
							}
						}
					]
				}
			],
			"conditions": [
				{
					"condition": "killed_by_player"
				}
			]
		},
        {
            "conditions": [
                {
                    "condition": "killed_by_player"
                },
                {
                    "condition": "random_chance_with_looting",
                    "chance": 0.005,
					"looting_multiplier": 0.005
                }
            ],
            "rolls": 1,
            "entries": [
                {
                    "type": "item",
                    "name": "minecraft:player_head",
                    "weight": 1,
                    "functions": [
                        {
                            "function": "set_nbt",
                            "tag": "{SkullOwner:{Id:\"04618ef3-bbba-430c-aa1c-f1750585cd58\",Properties:{textures:[{Value:\"eyJ0ZXh0dXJlcyI6eyJTS0lOIjp7InVybCI6Imh0dHA6Ly90ZXh0dXJlcy5taW5lY3JhZnQubmV0L3RleHR1cmUvOWUxY2FiMzgyNDU4ZTg0M2FjNDM1NmUzZTAwZTFkMzVjMzZmNDQ5ZmExYTg0NDg4YWIyYzY1NTdiMzkyZCJ9fX0=\"}]}}}"
                        },
						{
							"function": "set_name",
							"name": 
							{
								"text": "Vindicator Head",
								"italic": false
							}
						}
                    ]
                }
            ]
        }
	]
}
