{
    "pools": [
        {
            "conditions": [
                {
                    "condition": "killed_by_player",
                    "inverse": false
                },
                {
                    "condition": "random_chance_with_looting",
                    "chance": 0.04,
					"looting_multiplier": 0.02
                }
            ],
            "rolls": 1,
            "entries": [
                {
                    "type": "item",
                    "name": "minecraft:player_head",
                    "weight": 1,
                    "functions": [
                        {
                            "function": "set_nbt",
                            "tag": "{SkullOwner:{Id:\"a4f5db16-f2d0-4ff6-80f9-390019314ee8\",Properties:{textures:[{Value:\"eyJ0ZXh0dXJlcyI6eyJTS0lOIjp7InVybCI6Imh0dHA6Ly90ZXh0dXJlcy5taW5lY3JhZnQubmV0L3RleHR1cmUvMjc2OGNiZDUyMWNiMTg1YjI3NjcyY2U0MzBmYzQ4NTBkNzU5NWM2ZTg3NzhlMDcyNzFjOTU3OWVkMWY1YWZiNSJ9fX0=\"}]}}}"
                        },
						{
							"function": "set_name",
							"name": 
							{
								"text": "Wolf Head",
								"italic": false
							}
						}
                    ]
                }
            ]
        }
    ]
}